{"cameraMode":{"drawMode":0,"name":"Shaded","section":"Shading Mode"},"sceneLighting":true,"audioPlay":false,"sceneViewState":{"m_AlwaysRefresh":false,"showFog":true,"showSkybox":true,"showFlares":true,"showImageEffects":true,"showParticleSystems":true,"showVisualEffectGraphs":true,"m_FxEnabled":true},"in2DMode":false,"pivot":{"x":0.9347886443138123,"y":1.3683124780654908,"z":20.644119262695314},"rotation":{"x":0.10621930658817291,"y":-0.35555997490882876,"z":0.04070945829153061,"w":0.9277048110961914},"size":9.668166160583496,"orthographic":true}