{"cameraMode":{"drawMode":0,"name":"Shaded","section":"Shading Mode"},"sceneLighting":true,"audioPlay":false,"sceneViewState":{"m_AlwaysRefresh":false,"showFog":true,"showSkybox":true,"showFlares":true,"showImageEffects":true,"showParticleSystems":true,"showVisualEffectGraphs":true,"m_FxEnabled":true},"in2DMode":false,"pivot":{"x":6.0849504470825199,"y":10.696115493774414,"z":-2.853961229324341},"rotation":{"x":0.007498359307646751,"y":-0.020997339859604837,"z":0.00015749149315524846,"w":0.9997475743293762},"size":17.543121337890626,"orthographic":true}